,"ECE services in Christchurch City, Selwyn District and Waimakariri Districts 4/3/2011",,,,,,,,
,,,,,,,,,
"Institution Number","Name","Institution Type","Street","Suburb","City","TLA","_XCoords","_YCoords","Ward"
65125,"Abacus Montessori Preschool","Education & Care Service","70 Wildberry Street","Opawa","Christchurch","Christchurch",2483347.9,5739886.77,"Hagley-Ferrymead Ward"
65135,"ABC Aidanfield","Education & Care Service","50 Kinsella Crescent","Halswell","Christchurch","Christchurch",2475109.73,5737865.89,"Riccarton-Wigram Ward"
65077,"ABC Beckenham (Rua)","Education & Care Service","112 Colombo Street","Beckenham","Christchurch","Christchurch",2480688.25,5738657.06,"Spreydon-Heathcote Ward"
65076,"ABC Beckenham (Tahi)","Education & Care Service","112 Colombo Street","Beckenham","Christchurch","Christchurch",2480688.48,5738659.53,"Spreydon-Heathcote Ward"
65009,"ABC Belfast","Education & Care Service","796 Main North Road",,"Belfast","Christchurch",2480210.4,5751166.35,"Shirley-Papanui Ward"
70332,"ABC Cashmere","Education & Care Service","95 Colombo Street","Beckenham","Christchurch","Christchurch",2480614.61,5738469.75,"Spreydon-Heathcote Ward"
65147,"ABC Developmental Learning Ferrymead","Education & Care Service","12 Settlers Crescent","Ferrymead","Christchurch","Christchurch",2486116.78,5738650.57,"Hagley-Ferrymead Ward"
70413,"ABC Developmental Learning Mona Vale","Education & Care Service","37 Darvel Street","Fendalton","Christchurch","Christchurch",2478478.57,5742340.72,"Riccarton-Wigram Ward"
65096,"ABC Developmental Learning Parklands","Education & Care Service","25 Chadbury Street","Parklands","Christchurch","Christchurch",2486153.13,5747517.26,"Burwood-Pegasus Ward"
65098,"ABC Developmental Learning Riccarton","Education & Care Service","97 Wainui Street","Riccarton","Christchurch","Christchurch",2477103.34,5741683.2,"Riccarton-Wigram Ward"
65022,"ABC Halswell (Rua)","Education & Care Service","30 Nottingham Avenue","Halswell","Christchurch","Christchurch",2474749.13,5736762.67,"Riccarton-Wigram Ward"
70549,"ABC Halswell (Tahi)","Education & Care Service","32 Nottingham Avenue","Halswell","Christchurch","Christchurch",2474737.42,5736769.2,"Riccarton-Wigram Ward"
70008,"ABC Hei Hei (Rua)","Education & Care Service","16 Hei Hei Road","Hei Hei","Christchurch","Christchurch",2471442.21,5740956.35,"Riccarton-Wigram Ward"
70007,"ABC Hei Hei (Tahi)","Education & Care Service","16 Hei Hei Road","Hei Hei","Christchurch","Christchurch",2471442.43,5740960.07,"Riccarton-Wigram Ward"
70405,"ABC Merivale","Education & Care Service","350 Papanui Road","Merivale","Christchurch","Christchurch",2478899.64,5744665.77,"Shirley-Papanui Ward"
70427,"ABC Papanui","Education & Care Service","79 Blighs Road","Papanui","Christchurch","Christchurch",2477836.64,5744834.89,"Fendalton-Waimairi Ward"
70551,"ABC Parkside","Education & Care Service","438 Hagley Avenue","Christchurch","Christchurch","Christchurch",2479274.81,5740830.11,"Hagley-Ferrymead Ward"
70547,"ABC Pro-active Learning - Rua","Education & Care Service","11 Sir William Pickering Drive","Russley","Christchurch","Christchurch",2474404.27,5745835.48,"Fendalton-Waimairi Ward"
70583,"ABC Pro-active Learning - Tahi","Education & Care Service","15 Sir William Pickering Drive","Russley","Christchurch","Christchurch",2474388.21,5745816.39,"Fendalton-Waimairi Ward"
70570,"ABC Pro-active Learning - Toru","Education & Care Service","15 Sir William Pickering Drive","Russley","Christchurch","Christchurch",2474388.67,5745812.7,"Fendalton-Waimairi Ward"
70447,"ABC Salisbury Street Rua","Education & Care Service","150 Salisbury Street","Christchurch","Christchurch","Christchurch",2480771.9,5742474,"Hagley-Ferrymead Ward"
70448,"ABC Salisbury Street Tahi","Education & Care Service","150 Salisbury Street","Christchurch","Christchurch","Christchurch",2480771.08,5742479.38,"Hagley-Ferrymead Ward"
70423,"ABC Somerfield","Education & Care Service","18 Cardiff Avenue","Somerfield","Christchurch","Christchurch",2480250.73,5738643.01,"Spreydon-Heathcote Ward"
70521,"ABC St Albans","Education & Care Service","60 Champion Street","St Albans","Christchurch","Christchurch",2481667.48,5743215.97,"Shirley-Papanui Ward"
70374,"ABC St Martins","Education & Care Service","17 St Martins Road","St Martins","Christchurch","Christchurch",2481764.29,5738591.88,"Spreydon-Heathcote Ward"
65172,"ABC Tumara Park","Education & Care Service","53 Putake Drive","Burwood","Christchurch","Christchurch",2484599.58,5747906.56,"Burwood-Pegasus Ward"
70063,"ABC Tumara Park Rua","Education & Care Service","1 Pohutukawa Crescent","Burwood","Christchurch","Christchurch",2484568.51,5747886.66,"Burwood-Pegasus Ward"
70338,"ABC Waltham","Education & Care Service","40 Shakespeare Road","Waltham","Christchurch","Christchurch",2481671.29,5740099.48,"Hagley-Ferrymead Ward"
70005,"ABC Wigram 2","Education & Care Service","7 Mustang Avenue","Wigram","Christchurch","Christchurch",2473306.7,5739670.33,"Riccarton-Wigram Ward"
65158,"ABC Wigram Rua","Education & Care Service","Cnr Mustang Avenue & Corsair Drive","Wigram","Christchurch","Christchurch",2473320.35,5739686.97,"Riccarton-Wigram Ward"
65157,"ABC Wigram Tahi","Education & Care Service","Cnr Mustang Avenue & Corsair Drive","Wigram","Christchurch","Christchurch",2473324.01,5739690.3,"Riccarton-Wigram Ward"
65048,"Airdmhor Montessori","Education & Care Service","74 Halswell Road","Hillmorton","Christchurch","Christchurch",2476889.86,5738943.18,"Spreydon-Heathcote Ward"
70010,"Akaroa Playcentre","Playcentre","Pavilion Recreation Grounds",,"Akaroa","Christchurch",2507473.01,5711807.67,"Banks Peninsula Ward"
70430,"Alpha Early Childhood Educational Centre","Education & Care Service","45 a Randall Street","Richmond","Christchurch","Christchurch",2482480.34,5743552.22,"Shirley-Papanui Ward"
65070,"An Nur Childcare Centre","Education & Care Service","48 Springs Road","Hornby","Christchurch","Christchurch",2472957.54,5739924.65,"Riccarton-Wigram Ward"
65092,"Angel Care Preschool","Education & Care Service","94 Idris Road","Fendalton","Christchurch","Christchurch",2477880.75,5743967.21,"Fendalton-Waimairi Ward"
70089,"Annabel's Educare","Education & Care Service","6 Pratt Street","New Brighton","Christchurch","Christchurch",2487307.39,5744571.47,"Burwood-Pegasus Ward"
45248,"Annabels Educare Avonhead Ltd Nursery","Education & Care Service","66 Avonhead Road","Avonhead","Christchurch","Christchurch",2474495.67,5742512.49,"Riccarton-Wigram Ward"
45249,"Annabels Educare Avonhead Ltd Preschool","Education & Care Service","66 Avonhead Road","Avon Head","Christchurch","Christchurch",2474491.95,5742505.52,"Riccarton-Wigram Ward"
70016,"Aranui Playcentre","Playcentre","13 Merrington Crescent","Aranui","Christchurch","Christchurch",2486051.98,5743266.53,"Burwood-Pegasus Ward"
70407,"Aratupu Preschool and Nursery","Education & Care Service","97 HAREWOOD ROAD","Papanui","Christchurch","Christchurch",2477788.27,5745854.36,"Shirley-Papanui Ward"
65185,"Autaumafai A Fanau A'oga Amata Trust","Education & Care Service","221 Woodham Road","Linwood","Christchurch","Christchurch",2483796.9,5742435.34,"Hagley-Ferrymead Ward"
70022,"Avonhead Playcentre","Playcentre","166 Waimairi Road","Riccarton","Christchurch","Christchurch",2475439.93,5743162.79,"Riccarton-Wigram Ward"
70381,"Avonhead Preschool","Education & Care Service","188 Yalhurst Road","Upper Riccarton","Christchurch","Christchurch",2473997.01,5742258.24,"Riccarton-Wigram Ward"
45434,"Avonhead Preschool - Tui Room","Education & Care Service","190 Yaldhurst Road","Avon Head","Christchurch","Christchurch",2473990.92,5742260.14,"Riccarton-Wigram Ward"
70321,"Avonside Early Childhood Centre","Education & Care Service","43 Woodham Road","Avonside","Christchurch","Christchurch",2482794.46,5742443.81,"Hagley-Ferrymead Ward"
65121,"Banks Peninsula Plunket Community Preschool","Education & Care Service","6063  State Highway 75",,"Duvauchelle","Christchurch",2504460.46,5717403.04,"Banks Peninsula Ward"
70507,"Barnardos Richmond Early Learning Centre","Education & Care Service","12 Slater Street","Richmond","Christchurch","Christchurch",2481988.26,5743327.58,"Shirley-Papanui Ward"
70026,"Belfast Playcentre","Playcentre","Main North Road",,"Belfast","Christchurch",2479911.29,5750412.17,"Shirley-Papanui Ward"
70329,"Bishopdale Community  Preschool","Education & Care Service","Farrington Avenue","Bishopdale","Christchurch","Christchurch",2476575.51,5746206.17,"Fendalton-Waimairi Ward"
45276,"Bookworms Learning Centre","Education & Care Service","Northwood Super Centre 1 Radcliffe Road","Northwood","Christchurch","Christchurch",2479517.8,5749581.6,"Shirley-Papanui Ward"
45551,"Bookworms Preschool","Education & Care Service","18 Fitzgerald Ave","Christchurch Central","Christchurch","Christchurch",2481799.68,5740876.12,"Hagley-Ferrymead Ward"
70028,"Brooklands Playcentre","Playcentre","1002 Lower Styx Road",,"Brooklands-Christchurch","Christchurch",2485248.01,5755544.31,"Shirley-Papanui Ward"
70119,"Brynley Street Nursery & Preschool","Education & Care Service","68 Brynley Street","Hornby","Christchurch","Christchurch",2472250.32,5739813.87,"Riccarton-Wigram Ward"
70030,"Burwood Playcentre","Playcentre","241 New Brighton Road","Burwood","Christchurch","Christchurch",2484442.32,5745129.99,"Burwood-Pegasus Ward"
70561,"Busy C's Preschool Lyttelton","Education & Care Service","39 Voelas Road",,"Lyttelton","Christchurch",2486590.79,5733969.89,"Banks Peninsula Ward"
70333,"Casa Dei Bambini Foundation School","Education & Care Service","333 River Road","Richmond","Christchurch","Christchurch",2482815.89,5743339.63,"Shirley-Papanui Ward"
45406,"Cashmere Early Learning Centre","Education & Care Service","192 Cashmere Road","Hoon Hay","Christchurch","Christchurch",2478544.63,5736950.64,"Spreydon-Heathcote Ward"
70342,"Cherry's Early Learning Centre","Education & Care Service","45 Riverview Street","Beckenham","Christchurch","Christchurch",2481070.01,5737757.78,"Spreydon-Heathcote Ward"
45151,"Cherry's on Maryhill","Education & Care Service","5 Maryhill Avenue","Hoon Hay","Christchurch","Christchurch",2478219.38,5738212.06,"Spreydon-Heathcote Ward"
45238,"Christchurch Rudolf Steiner Kindergarten 3","Education & Care Service","19 Ombersley Terrace","Opawa","Christchurch","Christchurch",2482487.31,5738521.26,"Spreydon-Heathcote Ward"
70350,"Conductive Education Canterbury Inc","Education & Care Service","22 Brougham Street","Addington","Christchurch","Christchurch",2479159.46,5739907.71,"Spreydon-Heathcote Ward"
70385,"Cornerstone Christian Early Learning Cen","Education & Care Service","77 Windermere Road","Papanui","Christchurch","Christchurch",2477832.74,5745211.87,"Shirley-Papanui Ward"
70457,"Cotswold Preschool and Nursery","Education & Care Service","37 Colesbury Street","Bishopdale","Christchurch","Christchurch",2476620.19,5746854.17,"Fendalton-Waimairi Ward"
70341,"CPIT Early Learning Centre","Education & Care Service","130 Madras Street","Christchurch Central","Christchurch","Christchurch",2481155.03,5740986.59,"Hagley-Ferrymead Ward"
70046,"Dallington Playcentre","Playcentre","7 Halberg Street","Dallington","Christchurch","Christchurch",2484133.04,5743612.18,"Burwood-Pegasus Ward"
70044,"Diamond Harbour Playcentre","Playcentre","Purau Avenue",,"Diamond Harbour","Christchurch",2489166.35,5731209.01,"Banks Peninsula Ward"
70578,"Donald Duck Nursery","Education & Care Service","23 Macauley Street","Addington","Christchurch","Christchurch",2478922.17,5740064.51,"Spreydon-Heathcote Ward"
70351,"Donald Duck Preschool","Education & Care Service","29 MACAULEY STREET","Addington","Christchurch","Christchurch",2478933.88,5740056.21,"Spreydon-Heathcote Ward"
45546,"Dudley Creek Preschool Ltd","Education & Care Service","357 Hills Road","Mairehau","Christchurch","Christchurch",2481605.34,5745617.54,"Shirley-Papanui Ward"
70308,"E Tipu e Rea Early Learning Centre","Education & Care Service","Aranui High School, . Breezes Road","Aranui","Christchurch","Christchurch",2485520.71,5743594.87,"Burwood-Pegasus Ward"
70491,"Early Childhood Learning Centre","Education & Care Service","116 Ilam Road","Ilam","Christchurch","Christchurch",2476041.85,5742824.34,"Riccarton-Wigram Ward"
70353,"Educational Child Care Centre","Education & Care Service","96 Gayhurst Road","Dallington","Christchurch","Christchurch",2483714.09,5743427.57,"Burwood-Pegasus Ward"
45133,"Edukids Delamain Nursery & Toddlers","Education & Care Service","5 Jarnac Boulevard","Addington","Christchurch","Christchurch",2471095.64,5742269.2,"Riccarton-Wigram Ward"
45051,"Edukids Halswell Nursery","Education & Care Service","296 Halswell Road","Halswell","Christchurch","Christchurch",2475161.95,5736808.83,"Riccarton-Wigram Ward"
45050,"Edukids Halswell Preschool","Education & Care Service","296 Halswell Road","Halswell","Christchurch","Christchurch",2475160.73,5736803.92,"Riccarton-Wigram Ward"
70172,"Edukids Kilmarnock Foundation School Education & Care Centre","Education & Care Service","27 Kilmarnock Street","Riccarton","Christchurch","Christchurch",2478312.61,5742185,"Riccarton-Wigram Ward"
70171,"Edukids Kilmarnock Nursery Education & Care Centre","Education & Care Service","27 Kilmarnock Street","Riccarton","Christchurch","Christchurch",2478312.23,5742179.2,"Riccarton-Wigram Ward"
45135,"Edukids Redwood Nursery","Education & Care Service","302 - 304 Main North Road","Redwood","Christchurch","Christchurch",2479059.04,5747806.48,"Shirley-Papanui Ward"
45134,"Edukids Redwood Preschool","Education & Care Service","302 - 304 Main North Road","Redwood","Christchurch","Christchurch",2479058.78,5747802.49,"Shirley-Papanui Ward"
70552,"Edukids Shirley Road","Education & Care Service","44 Shirley Road","Shirley","Christchurch","Christchurch",2482476.05,5744303.85,"Shirley-Papanui Ward"
70127,"Edukids Styxmill Foundation School","Education & Care Service","109 Northwood Boulevard","Northwood","Christchurch","Christchurch",2478505.64,5750401.92,"Shirley-Papanui Ward"
45477,"Edukids Wainoni Nursery & Toddlers","Education & Care Service","260 Wainoni Road","Wainoni","Christchurch","Christchurch",2485705.82,5744314.36,"Burwood-Pegasus Ward"
70091,"Edukids Wairakei - Nursery","Education & Care Service","431 Wairakei Road","Papanui","Christchurch","Christchurch",2475468.69,5746060.7,"Fendalton-Waimairi Ward"
70093,"Edukids Wairakei - Preschool","Education & Care Service","431 Wairakei Road","Papanui","Christchurch","Christchurch",2475469,5746055.92,"Fendalton-Waimairi Ward"
65164,"Elim Early Learning Centre","Education & Care Service","285 Cashel Street","Christchurch Central","Christchurch","Christchurch",2481477.81,5741549.06,"Hagley-Ferrymead Ward"
45564,"Elim Wonder Babies","Education & Care Service","285 Cashel Street","Christchurch Central","Christchurch","Christchurch",2481477.89,5741550.08,"Hagley-Ferrymead Ward"
70356,"Elmwood Preschool Ltd","Education & Care Service","10 Wairakei Road","Bryndwr","Christchurch","Christchurch",2478072.14,5744142.12,"Fendalton-Waimairi Ward"
70582,"Estuary Road Preschool Limited","Education & Care Service","148 Estuary Road","South New Brighton","Christchurch","Christchurch",2488457.51,5742322.76,"Burwood-Pegasus Ward"
70357,"Fairleigh Kindergarten","Education & Care Service","27 a Garden Rd","Fendalton","Christchurch","Christchurch",2478580.74,5743117.48,"Fendalton-Waimairi Ward"
70052,"Fendalton Playcentre","Playcentre","170 a Clyde Road","Fendalton","Christchurch","Christchurch",2476944.13,5743449.22,"Fendalton-Waimairi Ward"
45055,"Fingerprints Christian Preschool","Education & Care Service","130 Wilsons Road","St Martins","Christchurch","Christchurch",2482005.3,5738911.28,"Spreydon-Heathcote Ward"
65137,"Footsteps Christian Community Preschool","Education & Care Service","5 Grants Road","Papanui","Christchurch","Christchurch",2478531.28,5745269.44,"Shirley-Papanui Ward"
70361,"Forfar Nursery And Preschool","Education & Care Service","82 Forfar Street","St Albans","Christchurch","Christchurch",2480973.78,5744469.9,"Shirley-Papanui Ward"
70416,"FUNdamentals 1","Education & Care Service","875 Ferry Road","Ferrymead","Christchurch","Christchurch",2485236.18,5739169.57,"Hagley-Ferrymead Ward"
70075,"FUNdamentals 2-Vicarage@Riverside","Education & Care Service","307 New Brighton Road","Burwood","Christchurch","Christchurch",2484709.51,5745235.32,"Burwood-Pegasus Ward"
70358,"Gabriel House Kindergarten","Education & Care Service","129 Pages Road","Aranui","Christchurch","Christchurch",2485171.42,5742804.21,"Burwood-Pegasus Ward"
45566,"Global Kids Early Learning Centre","Education & Care Service","70 Hume Street","Sydenham","Christchurch","Christchurch",2481532.9,5739271.65,"Spreydon-Heathcote Ward"
65038,"Gumdrops Early Learning Centre","Education & Care Service","477 Greers Road","Bishopdale","Christchurch","Christchurch",2477429.03,5746723.25,"Fendalton-Waimairi Ward"
70363,"Hagley Community College Pre School","Education & Care Service","510 Hagley Avenue","Christchurch Central","Christchurch","Christchurch",2479518.89,5741068.54,"Hagley-Ferrymead Ward"
70060,"Halswell Playcentre","Playcentre","438 Halswell Road","Halswell","Christchurch","Christchurch",2475278.83,5735823.33,"Riccarton-Wigram Ward"
65082,"Halswell Preschool","Education & Care Service","31 Halswell Junction Road","Halswell","Christchurch","Christchurch",2475142.76,5735775.79,"Riccarton-Wigram Ward"
70064,"Harewood Playcentre","Playcentre","719 Harewood Road","Harewood","Christchurch","Christchurch",2474373.48,5747461.65,"Fendalton-Waimairi Ward"
70139,"Hazeldean Early Learning Centre 1","Education & Care Service","55 Grove Road","Addington","Christchurch","Christchurch",2479112.15,5740621.17,"Spreydon-Heathcote Ward"
70141,"Hazeldean Early Learning Centre 2","Education & Care Service","55 Grove Road","Addington","Christchurch","Christchurch",2479112.45,5740615.19,"Spreydon-Heathcote Ward"
70068,"Heathcote Valley Playcentre","Playcentre","Bridle Path Rd,","Heathcote Valley","Christchurch","Christchurch",2486544.34,5736374.66,"Hagley-Ferrymead Ward"
45402,"Heathcote Valley Preschool 0-3","Education & Care Service","108 Port Hills Road","Heathcote Valley","Christchurch","Christchurch",2485978.83,5736912.82,"Hagley-Ferrymead Ward"
45403,"Heathcote Valley Preschool 3-5","Education & Care Service","108 Port Hills Road","Heathcote Valley","Christchurch","Christchurch",2485983.45,5736919.5,"Hagley-Ferrymead Ward"
70367,"Hoon Hay Community Pre-School","Education & Care Service","113 Mathers Road","Hoon Hay","Christchurch","Christchurch",2476918.31,5738110.56,"Spreydon-Heathcote Ward"
70002,"Hornby Childcare and Education Centre","Education & Care Service","52 Shands Road","Hornby","Christchurch","Christchurch",2471335.86,5739929.41,"Riccarton-Wigram Ward"
70373,"Huntsbury Preschool Inc","Education & Care Service","Huntsbury Avenue","Beckenham","Christchurch","Christchurch",2481899.83,5737833.67,"Spreydon-Heathcote Ward"
45116,"I Kids Moorhouse Avenue","Education & Care Service","210 Moorhouse Avenue","Christchurch CBD","Christchurch","Christchurch",2480181.94,5740736.94,"Hagley-Ferrymead Ward"
45247,"I Kids Moorhouse Avenue - Juniors","Education & Care Service","Level 1, 210 Moorhouse Avenue","Christchurch CBD","Christchurch","Christchurch",2480181.97,5740732.37,"Hagley-Ferrymead Ward"
70493,"Ilam Early Learning Centre","Education & Care Service","90 Ilam Road","Ilam","Christchurch","Christchurch",2476007.38,5742539.25,"Riccarton-Wigram Ward"
70378,"Independent Fisheries Ltd","Education & Care Service","Jubilee Street","Woolston","Christchurch","Christchurch",2484700.09,5738692.17,"Hagley-Ferrymead Ward"
65155,"Just Kids Community Preschool","Education & Care Service","81 BICKERTON STREET","Wainoni","Christchurch","Christchurch",2485214.17,5743080.13,"Burwood-Pegasus Ward"
45092,"Just Kids Community Pre-school 2","Education & Care Service","81 Bickerton Street","Wainoni","Christchurch","Christchurch",2485222.58,5743073.76,"Burwood-Pegasus Ward"
45091,"Just Kids Community Preschool 3","Education & Care Service","81 Bickerton Street","Wainoni","Christchurch","Christchurch",2485226.26,5743071.3,"Burwood-Pegasus Ward"
70095,"Kidditech Early Learning Centre","Education & Care Service","21 Stourbridge Street","Barrington","Christchurch","Christchurch",2478812.36,5738577.71,"Spreydon-Heathcote Ward"
70006,"Kidsfirst Early Learning Centres Aranui","Education & Care Service","284 Breezes Road","Aranui","Christchurch","Christchurch",2485798.16,5743402.52,"Burwood-Pegasus Ward"
5447,"Kidsfirst Kindergarten Portsmouth Street","Free Kindergarten","36 Portsmouth Street","Wainoni","Christchurch","Christchurch",2485829.96,5744083.18,"Burwood-Pegasus Ward"
5409,"Kidsfirst Kindergartens Avonhead","Free Kindergarten","49 Staveley Street","Avonhead","Christchurch","Christchurch",2474134.11,5742958.25,"Riccarton-Wigram Ward"
5410,"Kidsfirst Kindergartens Bassett Street","Free Kindergarten","61 Bassett Street","Burwood","Christchurch","Christchurch",2484800.71,5745589.34,"Burwood-Pegasus Ward"
5411,"Kidsfirst Kindergartens Beckenham","Free Kindergarten","119 a Fisher Avenue","Beckenham","Christchurch","Christchurch",2481337.28,5738626.79,"Spreydon-Heathcote Ward"
5535,"Kidsfirst Kindergartens Belfast","Free Kindergarten","672 Main North Road",,"Belfast","Christchurch",2479775.17,5750238.28,"Shirley-Papanui Ward"
5412,"Kidsfirst Kindergartens Beryl McCombs","Free Kindergarten","5 Augusta Street","Redcliffs","Christchurch","Christchurch",2488893.03,5738287.97,"Hagley-Ferrymead Ward"
5428,"Kidsfirst Kindergartens Bromley","Free Kindergarten","33 Keighleys Road","Bromley","Christchurch","Christchurch",2484694.52,5741165.69,"Hagley-Ferrymead Ward"
5549,"Kidsfirst Kindergartens Broomfield","Free Kindergarten","15-17 Pensacola Crescent","Broomfield","Christchurch","Christchurch",2472211.15,5741900.62,"Riccarton-Wigram Ward"
5415,"Kidsfirst Kindergartens Cashmere","Free Kindergarten","106 Hackthorne Road","Cashmere","Christchurch","Christchurch",2479930.92,5736578.22,"Spreydon-Heathcote Ward"
5417,"Kidsfirst Kindergartens Cotswold Avenue","Free Kindergarten","62 Cotswold Avenue","Bishopdale","Christchurch","Christchurch",2476596.18,5747183.51,"Fendalton-Waimairi Ward"
5418,"Kidsfirst Kindergartens Edmonds Smith St","Free Kindergarten","21 Smith Street","Woolston","Christchurch","Christchurch",2483508.19,5740394.81,"Hagley-Ferrymead Ward"
5545,"Kidsfirst Kindergartens Halswell","Free Kindergarten","Halswell Domain","Halswell","Christchurch","Christchurch",2475043.22,5736365.58,"Riccarton-Wigram Ward"
5421,"Kidsfirst Kindergartens Hargest Crescent","Free Kindergarten","33 Hargest Crescent","Waltham","Christchurch","Christchurch",2481407.24,5739732.71,"Spreydon-Heathcote Ward"
5628,"Kidsfirst Kindergartens Hawthornden Road","Free Kindergarten","146 Hawthornden Road","Avonhead","Christchurch","Christchurch",2473607.42,5744018.67,"Fendalton-Waimairi Ward"
5422,"Kidsfirst Kindergartens Hei Hei","Free Kindergarten","10 Wycola Avenue","Hei Hei","Christchurch","Christchurch",2471364.19,5741160.53,"Riccarton-Wigram Ward"
5423,"Kidsfirst Kindergartens Hillmorton","Free Kindergarten","14 Torrens Road","Hillmorton","Christchurch","Christchurch",2477596.07,5739675.7,"Spreydon-Heathcote Ward"
5452,"Kidsfirst Kindergartens Hoon Hay","Free Kindergarten","60 Rowley Avenue","Hoon Hay","Christchurch","Christchurch",2476722.61,5738216.05,"Spreydon-Heathcote Ward"
5425,"Kidsfirst Kindergartens Hornby","Free Kindergarten","17 Brynley Street","Hornby","Christchurch","Christchurch",2471937.8,5740217.81,"Riccarton-Wigram Ward"
5419,"Kidsfirst Kindergartens Ilam","Free Kindergarten","6 Ryeland Avenue","Ilam","Christchurch","Christchurch",2475889.75,5743627.48,"Fendalton-Waimairi Ward"
5426,"Kidsfirst Kindergartens Isleworth Road","Free Kindergarten","6 Isleworth Road","Bishopdale","Christchurch","Christchurch",2476362.11,5746102.61,"Fendalton-Waimairi Ward"
5429,"Kidsfirst Kindergartens Kendal Avenue","Free Kindergarten","55 Kendal Avenue","Burnside","Christchurch","Christchurch",2475532.41,5745404.15,"Fendalton-Waimairi Ward"
5431,"Kidsfirst Kindergartens Lady May","Free Kindergarten","11 Haynes Avenue","Upper Riccarton","Christchurch","Christchurch",2475428.66,5741445.65,"Riccarton-Wigram Ward"
5432,"Kidsfirst Kindergartens Linwood","Free Kindergarten","24 Rochester Street","Linwood","Christchurch","Christchurch",2483167.15,5742021.73,"Hagley-Ferrymead Ward"
5433,"Kidsfirst Kindergartens Lyttelton","Free Kindergarten","33 Winchester Street",,"Lyttelton","Christchurch",2487394.57,5733991.29,"Banks Peninsula Ward"
5434,"Kidsfirst Kindergartens MacFarlane Park","Free Kindergarten","19 Acheson Avenue","Shirley","Christchurch","Christchurch",2482052.61,5745122.45,"Shirley-Papanui Ward"
5436,"Kidsfirst Kindergartens Mairehau","Free Kindergarten","23 Fergusson Avenue","Mairehau","Christchurch","Christchurch",2481148.23,5745100.31,"Shirley-Papanui Ward"
5437,"Kidsfirst Kindergartens Mathers Road","Free Kindergarten","109-111 Mathers Road","Hoon Hay","Christchurch","Christchurch",2476951.34,5738133.55,"Spreydon-Heathcote Ward"
5435,"Kidsfirst Kindergartens McKenzie","Free Kindergarten","107 Rattray Street","Riccarton","Christchurch","Christchurch",2476993.68,5741725.89,"Riccarton-Wigram Ward"
5438,"Kidsfirst Kindergartens Mount Pleasant","Free Kindergarten","McCormacks Bay","McCormacks Bay","Christchurch","Christchurch",2488094.3,5738659.35,"Hagley-Ferrymead Ward"
5439,"Kidsfirst Kindergartens Ngaire Larcombe","Free Kindergarten","320 Wainoni Road","Wainoni","Christchurch","Christchurch",2486185.56,5744710.24,"Burwood-Pegasus Ward"
5440,"Kidsfirst Kindergartens Northcote","Free Kindergarten","121 Northcote Road","Bishopdale","Christchurch","Christchurch",2478083.69,5746923.16,"Shirley-Papanui Ward"
5441,"Kidsfirst Kindergartens North New Brighton","Free Kindergarten","177 Bowhill Road","North New Brighton","Christchurch","Christchurch",2486962.9,5745441.11,"Burwood-Pegasus Ward"
5442,"Kidsfirst Kindergartens Nuffield","Free Kindergarten","171 Seaview Road","New Brighton","Christchurch","Christchurch",2487595.73,5744221.49,"Burwood-Pegasus Ward"
5443,"Kidsfirst Kindergartens Opawa St Martins","Free Kindergarten","8 Butler Street","Opawa","Christchurch","Christchurch",2482673.82,5738596.51,"Spreydon-Heathcote Ward"
5444,"Kidsfirst Kindergartens Papanui","Free Kindergarten","57 Bellvue Avenue","Papanui","Christchurch","Christchurch",2478339.17,5745396.68,"Shirley-Papanui Ward"
5414,"Kidsfirst Kindergartens Parklands","Free Kindergarten","20 Chadbury Street","Parklands","Christchurch","Christchurch",2486201.94,5747464.83,"Burwood-Pegasus Ward"
5445,"Kidsfirst Kindergartens Phillipstown","Free Kindergarten","533 St Asaph Street","Phillipstown","Christchurch","Christchurch",2482487.15,5741126.23,"Hagley-Ferrymead Ward"
5446,"Kidsfirst Kindergartens Pitcairn Crescent","Free Kindergarten","33 Pitcairn Crescent","Bryndwr","Christchurch","Christchurch",2477571.41,5744752.19,"Fendalton-Waimairi Ward"
5448,"Kidsfirst Kindergartens Queenspark","Free Kindergarten","228 Queenspark Drive","Burwood","Christchurch","Christchurch",2485418.5,5748240.92,"Burwood-Pegasus Ward"
5449,"Kidsfirst Kindergartens Redwood","Free Kindergarten","345 a Main North Road","Redwood","Christchurch","Christchurch",2479001.45,5747760.13,"Shirley-Papanui Ward"
5450,"Kidsfirst Kindergartens Riccarton","Free Kindergarten","19 Harakeke Street","Riccarton","Christchurch","Christchurch",2478101.26,5742119.84,"Riccarton-Wigram Ward"
5451,"Kidsfirst Kindergartens Richmond","Free Kindergarten","41 North Avon Road","Richmond","Christchurch","Christchurch",2482037.73,5743281.28,"Shirley-Papanui Ward"
5453,"Kidsfirst Kindergartens Rutland Street","Free Kindergarten","188 Rutland Street","Christchurch","Christchurch","Christchurch",2479565.74,5745125.93,"Shirley-Papanui Ward"
5454,"Kidsfirst Kindergartens Selwyn Street","Free Kindergarten","366 Selwyn Street","Spreydon","Christchurch","Christchurch",2479459.75,5740122.72,"Spreydon-Heathcote Ward"
5455,"Kidsfirst Kindergartens Shirley","Free Kindergarten","3 b Ajax Street","Shirley","Christchurch","Christchurch",2482947.83,5744147.69,"Burwood-Pegasus Ward"
5456,"Kidsfirst Kindergartens South Brighton","Free Kindergarten","39 Bridge Street","South New Brighton","Christchurch","Christchurch",2488464.76,5742655.7,"Burwood-Pegasus Ward"
5457,"Kidsfirst Kindergartens Sumner","Free Kindergarten","25 Dryden Street","Sumner","Christchurch","Christchurch",2490628.26,5737202.42,"Hagley-Ferrymead Ward"
5458,"Kidsfirst Kindergartens Sunbeam","Free Kindergarten","13 Cornwall Street","St Albans","Christchurch","Christchurch",2480663.84,5743785.85,"Shirley-Papanui Ward"
5459,"Kidsfirst Kindergartens Templeton","Free Kindergarten","19 Banks Street",,"Templeton","Christchurch",2467509.7,5739500.34,"Riccarton-Wigram Ward"
5460,"Kidsfirst Kindergartens Trengrove","Free Kindergarten","243 Clyde Road","Fendalton","Christchurch","Christchurch",2476750.16,5744091.8,"Fendalton-Waimairi Ward"
5462,"Kidsfirst Kindergartens Wales Street","Free Kindergarten","134 Wales Street","Halswell","Christchurch","Christchurch",2474239.57,5736695.98,"Riccarton-Wigram Ward"
5463,"Kidsfirst Kindergartens Wigram","Free Kindergarten","56 Springs Road","Hornby","Christchurch","Christchurch",2472917.21,5739854.91,"Riccarton-Wigram Ward"
5464,"Kidsfirst Kindergartens Woolley Street","Free Kindergarten","63-67 Woolley Street","Avondale","Christchurch","Christchurch",2484948.78,5744593.49,"Burwood-Pegasus Ward"
70003,"Kimihia Early Learning Centre","Education & Care Service","521 Ferry Road","Linwood","Christchurch","Christchurch",2483651.83,5740220.75,"Hagley-Ferrymead Ward"
70153,"Kimihia Early Learning Centre","Education & Care Service","521 Ferry Road","Woolston","Christchurch","Christchurch",2483653.23,5740227.43,"Hagley-Ferrymead Ward"
45119,"Kindercare Learning Centre (213 B & T)","Education & Care Service","345 Sawyers Arms Road","Bishopdale","Christchurch","Christchurch",2476445.73,5747578.27,"Fendalton-Waimairi Ward"
70575,"Kindercare Learning Centres (201)","Education & Care Service","7 CLYDE ROAD","Ilam","Christchurch","Christchurch",2476598.25,5741854.31,"Riccarton-Wigram Ward"
65046,"Kindercare Learning Centres (202)","Education & Care Service","21 COOPERS ROAD","Shirley","Christchurch","Christchurch",2483168.93,5744058.44,"Burwood-Pegasus Ward"
70424,"Kindercare Learning Centres (203)","Education & Care Service","80 FENDALTON ROAD","Fendalton","Christchurch","Christchurch",2478117.02,5742985.79,"Fendalton-Waimairi Ward"
70017,"Kindercare Learning Centres (205)","Education & Care Service","371 Linwood Avenue","Linwood","Christchurch","Christchurch",2484105.92,5741104.7,"Hagley-Ferrymead Ward"
70543,"Kindercare Learning Centres (206)","Education & Care Service","126 PURIRI STREET","Riccarton","Christchurch","Christchurch",2477068.9,5742699.39,"Riccarton-Wigram Ward"
65114,"Kindercare Learning Centres (207)","Education & Care Service","144 Strickland Street","Spreydon","Christchurch","Christchurch",2480159.17,5739478.6,"Spreydon-Heathcote Ward"
65183,"Kindercare Learning Centres (208)","Education & Care Service","305  Burwood Road","Burwood","Christchurch","Christchurch",2484186.55,5747375.61,"Burwood-Pegasus Ward"
45054,"Kindercare Learning Centres (213 P)","Education & Care Service","345 Sawyers Arms Road","Bishopdale","Christchurch","Christchurch",2476443.89,5747573.36,"Fendalton-Waimairi Ward"
45560,"Kindercare Learning Centres 204","Education & Care Service","227 Armagh Street","Christchurch CBD","Christchurch","Christchurch",2481266.41,5742036.98,"Hagley-Ferrymead Ward"
70106,"Kindercare Learning Centres 209 B & T","Education & Care Service","611 Ferry Road","Woolston","Christchurch","Christchurch",2484062.89,5740016.39,"Hagley-Ferrymead Ward"
70107,"Kindercare Learning Centres 209 P","Education & Care Service","611 Ferry Road","Woolston","Christchurch","Christchurch",2484061.34,5740012.14,"Hagley-Ferrymead Ward"
70163,"Kindercare Learning Centres 211 P","Education & Care Service","3 Avonhead Road","Avonhead","Christchurch","Christchurch",2474262.1,5742153.96,"Riccarton-Wigram Ward"
70160,"Kindercare Learning Centres Ltd 211 B","Education & Care Service","3 Avonhead Road","Avonhead","Christchurch","Christchurch",2474259.8,5742148.97,"Riccarton-Wigram Ward"
70161,"Kindercare Learning Centres Ltd 211 T","Education & Care Service","3 Avonhead Road","Avonhead","Christchurch","Christchurch",2474256.73,5742143.21,"Riccarton-Wigram Ward"
70479,"Kiwi Kids Nursery And Preschool","Education & Care Service","32 Annex Road","Hillmorton","Christchurch","Christchurch",2477053.9,5739492.41,"Spreydon-Heathcote Ward"
70067,"Kiwikids Aotearoa Educare","Education & Care Service","32 Annex Road","Hillmorton","Christchurch","Christchurch",2477064.93,5739514.64,"Spreydon-Heathcote Ward"
70073,"Lake Terrace Kindergarten","Education & Care Service","30 Lake Terrace Road","Burwood","Christchurch","Christchurch",2484276.72,5745372.24,"Burwood-Pegasus Ward"
65139,"Lake Terrace Preschool and Nursery","Education & Care Service","30 Lake Terrace Road","Burwood","Christchurch","Christchurch",2484275.75,5745362.74,"Burwood-Pegasus Ward"
70032,"Landsdowne Terrace Playcentre","Playcentre","Landsdowne Terrace","Cashmere","Christchurch","Christchurch",2480974.82,5737164.68,"Spreydon-Heathcote Ward"
70301,"Learning Curves Montessori Abberley Park Ltd","Education & Care Service","60 Ranfurly Street","St Albans","Christchurch","Christchurch",2480207.31,5743556.18,"Shirley-Papanui Ward"
70143,"Learning Curves Montessori Nursery Ltd","Education & Care Service","82 Warrington Street","St Albans","Christchurch","Christchurch",2481561.53,5744287.16,"Shirley-Papanui Ward"
70571,"Learning Curves Montessori Redwood Ltd","Education & Care Service","316 Main North Road","Redwood","Christchurch","Christchurch",2479041.52,5747907.61,"Shirley-Papanui Ward"
65039,"Learning Curves Montessori St Albans Ltd","Education & Care Service","69 McFaddens Road","Shirley","Christchurch","Christchurch",2479953.22,5745229,"Shirley-Papanui Ward"
45258,"Les Mills Christchurch Childcare Centre","Casual-Education and Care","Les Mills 203 Cashel Street","Christchurch Central","Christchurch","Christchurch",2481037.27,5741551,"Hagley-Ferrymead Ward"
70581,"Lindisfarne Nursery Schools-Nursery","Education & Care Service","379 Worcester Street","Linwood","Christchurch","Christchurch",2482188.1,5741801.04,"Hagley-Ferrymead Ward"
70391,"Lindisfarne Nursery Schools-Preschool","Education & Care Service","375 Worcester Street","Linwood","Christchurch","Christchurch",2482188.46,5741803.95,"Hagley-Ferrymead Ward"
70080,"Linwood Playcentre","Playcentre","628 a Worcester Street","Linwood","Christchurch","Christchurch",2483527.69,5742044.88,"Hagley-Ferrymead Ward"
70047,"Little Explorers Preschool","Education & Care Service","71 Vivian Street","Burwood","Christchurch","Christchurch",2484949.96,5745450.34,"Burwood-Pegasus Ward"
70082,"Little River Playcentre","Playcentre","School Grounds",,"Little River","Christchurch",2493590.18,5716123.01,"Banks Peninsula Ward"
45472,"Lollipops Educare - Patten Street - Prep School","Education & Care Service","7 Patten Street","Avonside","Christchurch","Christchurch",2482898.38,5742467.4,"Hagley-Ferrymead Ward"
70071,"Lollipops Educare Addington","Education & Care Service","5 Princess Street","Middleton","Christchurch","Christchurch",2477964.11,5740904.87,"Riccarton-Wigram Ward"
70145,"Lollipops Educare Blighs Road","Education & Care Service","40 Blighs Road","Papanui","Christchurch","Christchurch",2477753.13,5744615.27,"Fendalton-Waimairi Ward"
45368,"Lollipops Educare Blighs Road 2","Education & Care Service","40 Blighs Road",,"Christchurch","Christchurch",2477758.65,5744601.68,"Fendalton-Waimairi Ward"
70157,"Lollipops Educare Patten Street","Education & Care Service","7 Patten Street","Avonside","Christchurch","Christchurch",2482903.42,5742467.58,"Hagley-Ferrymead Ward"
70084,"Lyttelton Street Playcentre","Playcentre","81 Lyttelton Street","Spreydon","Christchurch","Christchurch",2478876.34,5738012.46,"Spreydon-Heathcote Ward"
65007,"Mairehau First Learners","Education & Care Service","262 Westminster Street","Mairehau","Christchurch","Christchurch",2481389.13,5745102.15,"Shirley-Papanui Ward"
65016,"Mapusaga Aoga Amata","Education & Care Service","91 Dyers Road","Ferrymead","Christchurch","Christchurch",2485320.45,5739993.17,"Hagley-Ferrymead Ward"
45565,"Minerva House","Education & Care Service","90 McFaddens Road","St Albans","Christchurch","Christchurch",2480056.38,5745187.43,"Shirley-Papanui Ward"
70411,"Minnies Pre-School","Education & Care Service","25 Strowan Road","Bryndwr","Christchurch","Christchurch",2478335.07,5743832.43,"Fendalton-Waimairi Ward"
70459,"Moa Kids Community Early Learning Centre Inc","Education & Care Service",". Barnett Park, Main Road","Redcliffs","Christchurch","Christchurch",2489018.66,5738172.44,"Hagley-Ferrymead Ward"
70021,"Montana Early Learning Centre","Education & Care Service","31 Montana Ave","Ilam","Christchurch","Christchurch",2476059.17,5742878.81,"Riccarton-Wigram Ward"
45539,"Montessori @ Monavale","Education & Care Service","27 Kilmarnock Street","Riccarton","Christchurch","Christchurch",2478311.3,5742166.85,"Riccarton-Wigram Ward"
45307,"Montessori @ St Albans","Education & Care Service","96 Trafalgar Street","St Albans","Christchurch","Christchurch",2480462.58,5744174.57,"Shirley-Papanui Ward"
70475,"Montessori Courtyard Preschool","Education & Care Service","99 a Somerfield Street","Somerfield","Christchurch","Christchurch",2480322.99,5738619.37,"Spreydon-Heathcote Ward"
70558,"Mozarts","Education & Care Service","69 Bristol Street","Merivale","Christchurch","Christchurch",2479907.02,5743550.8,"Fendalton-Waimairi Ward"
70147,"Natures Play Kindergarten","Education & Care Service","313 Breezes Road","Bexley-Christchurch","Christchurch","Christchurch",2486009.91,5743218.03,"Burwood-Pegasus Ward"
70395,"New Beginnings Pre-School Incorporated","Education & Care Service","136 Aldwins Road","Christchurch","Christchurch","Christchurch",2483433.33,5741270.27,"Hagley-Ferrymead Ward"
70417,"New Brighton Community Preschool & Nursery","Education & Care Service","109 Beresford Street","New Brighton","Christchurch","Christchurch",2487677.92,5744169.23,"Burwood-Pegasus Ward"
65132,"Noku te Ao","Education & Care Service","6 Birchgrove Gardens","Mairehau","Christchurch","Christchurch",2482002.87,5745748.83,"Shirley-Papanui Ward"
70419,"North Beach Community Childcare Centre","Education & Care Service","102 Marriotts Road","North Beach","Christchurch","Christchurch",2486955.54,5745669.43,"Burwood-Pegasus Ward"
70090,"North Beach Playcentre","Playcentre","North New Brighton School Leaver Terrace","North New Brighton","Christchurch","Christchurch",2487269.33,5745714.24,"Burwood-Pegasus Ward"
65123,"Northwood Nursery","Education & Care Service","1 O'Neill Avenue","Northwood","Christchurch","Christchurch",2479338.94,5749548.02,"Shirley-Papanui Ward"
65124,"Northwood Preschool","Education & Care Service","1 O'Neill Avenue","Northwood","Christchurch","Christchurch",2479338.07,5749542.78,"Shirley-Papanui Ward"
70057,"Nova Montessori Children's House","Education & Care Service","53 Owles Terrace","New Brighton","Christchurch","Christchurch",2487777.57,5744053.08,"Burwood-Pegasus Ward"
70606,"Oterepo Kohanga Reo","Te Kohanga Reo","Waltham Road","Waltham","Christchurch","Christchurch",2481490.79,5739814.01,"Spreydon-Heathcote Ward"
65043,"Ottawa Gardens Preschool and Nursery","Education & Care Service","49 Ottawa Road","Wainoni","Christchurch","Christchurch",2484996.24,5743045.57,"Burwood-Pegasus Ward"
70069,"Papanui Preschool","Education & Care Service","165 Langdons Road","Papanui","Christchurch","Christchurch",2477467.02,5746359.86,"Shirley-Papanui Ward"
70097,"Parklands Playcentre","Playcentre","106 Queenspark Drive","Parklands","Christchurch","Christchurch",2485871.62,5747465.74,"Burwood-Pegasus Ward"
45400,"Pebbles Preschool","Education & Care Service","4 Campbell Street","Sumner","Christchurch","Christchurch",2490421.02,5736711.16,"Hagley-Ferrymead Ward"
70429,"Pioneer Early Learning Centre","Education & Care Service","Lyttelton Street","Spreydon","Christchurch","Christchurch",2478865.96,5737992.94,"Spreydon-Heathcote Ward"
65144,"Pipi's Preschool","Education & Care Service","630 Pages Road","Bexley-Christchurch","Christchurch","Christchurch",2487197.39,5744031.95,"Burwood-Pegasus Ward"
70431,"Playmates Nursery School Ltd","Education & Care Service","52 Picton Avenue","Riccarton","Christchurch","Christchurch",2478093.72,5741431.28,"Riccarton-Wigram Ward"
70149,"Poppies Preschool","Education & Care Service","61 St Martins Road","St Martins","Christchurch","Christchurch",2481660.61,5738945.12,"Spreydon-Heathcote Ward"
70033,"Portobelo Avonhead","Education & Care Service","124 Yaldhurst Road","Avonhead","Christchurch","Christchurch",2474536.15,5742033.86,"Riccarton-Wigram Ward"
70545,"Portobelo Pre-School","Education & Care Service","32 Armagh Street","Christchurch","Christchurch","Christchurch",2480090.32,5741984.38,"Hagley-Ferrymead Ward"
65088,"Puna ole Malamalama Aoga Amata","Education & Care Service","37 Brougham Street","Addington","Christchurch","Christchurch",2479214.72,5739976.26,"Spreydon-Heathcote Ward"
70433,"Queen Elizabeth II Park Pre School Centre","Education & Care Service","193 Travis Road","Northcote-Christchurch","Christchurch","Christchurch",2486323.93,5745884.83,"Burwood-Pegasus Ward"
45239,"Quest Health Clubs Childminding - Ferrymead","Education & Care Service","1005 Ferry Road","Ferrymead","Christchurch","Christchurch",2485987.17,5738868.24,"Hagley-Ferrymead Ward"
70438,"Rangi Ruru Pre-School","Education & Care Service","46 Rhodes Street","Merivale","Christchurch","Christchurch",2479101.48,5742883.24,"Fendalton-Waimairi Ward"
65184,"Ready Steady Babies","Education & Care Service","141 Burwood Road","Burwood","Christchurch","Christchurch",2484444.21,5746220.35,"Burwood-Pegasus Ward"
65059,"Ready Steady Play Early Learning Centre","Education & Care Service","141 Burwood Road","Burwood","Christchurch","Christchurch",2484443.52,5746223.58,"Burwood-Pegasus Ward"
70441,"Redwood Early Childhood Centre","Education & Care Service","339 Main North Road","Redwood","Christchurch","Christchurch",2478999.29,5747719.84,"Shirley-Papanui Ward"
70110,"Redwood Playcentre","Playcentre","Dunedin Street","Redwood","Christchurch","Christchurch",2479245.77,5747783.26,"Shirley-Papanui Ward"
65011,"Riccarton Park Montessori Preschool","Education & Care Service","108 Racecourse Road","Upper Riccarton","Christchurch","Christchurch",2473352.69,5741428.93,"Riccarton-Wigram Ward"
70443,"Richmond Village Community Creche","Education & Care Service","74 London Street","Richmond","Christchurch","Christchurch",2482130.92,5742974.74,"Hagley-Ferrymead Ward"
70580,"Rosa Giardino Montessori Nursery School","Education & Care Service","3 McCormacks Bay Road","Mt Pleasant","Christchurch","Christchurch",2487447.73,5739001.89,"Hagley-Ferrymead Ward"
70151,"Rosy Cheeks Early Learning Centre","Education & Care Service","188 Rose Street","Somerfield","Christchurch","Christchurch",2479700.13,5738129.97,"Spreydon-Heathcote Ward"
70564,"Roydvale Preschool","Education & Care Service","139 Roydvale Avenue","Burnside","Christchurch","Christchurch",2474781.18,5745955.63,"Fendalton-Waimairi Ward"
65112,"Rudolf Steiner School Kindergarten 11","Education & Care Service","19 Ombersley Terrace","Opawa","Christchurch","Christchurch",2482483.63,5738520.76,"Spreydon-Heathcote Ward"
70445,"Rudolf Steiner School Kindergarten I","Education & Care Service","19 Ombersley Terrace","St Martins","Christchurch","Christchurch",2482485.31,5738504.78,"Spreydon-Heathcote Ward"
70114,"Russley Playcentre","Playcentre","8 Apsley Drive","Russley","Christchurch","Christchurch",2473357.78,5743392.54,"Fendalton-Waimairi Ward"
65087,"Selwyn House Preschool","Education & Care Service","122 Merivale Lane","Merivale","Christchurch","Christchurch",2479515.85,5743360.86,"Fendalton-Waimairi Ward"
65075,"Sheila Walker Unit","Education & Care Service","Walker Unit, 116 Ilam Road","Ilam","Christchurch","Christchurch",2476041.46,5742826.97,"Riccarton-Wigram Ward"
70554,"Shirley First Learners","Education & Care Service","101 Slater Street","Shirley","Christchurch","Christchurch",2481932.32,5743913.64,"Shirley-Papanui Ward"
70118,"Shirley Playcentre","Playcentre","61 CHANCELLOR STREET","Shirley","Christchurch","Christchurch",2482030.17,5744188.57,"Shirley-Papanui Ward"
65064,"Small World Preschool and Nursery","Education & Care Service","304 Cranford Street","St Albans","Christchurch","Christchurch",2480043.05,5745378.6,"Shirley-Papanui Ward"
70120,"Somerfield Community Playcentre","Playcentre","47 STUDHOLME STREET","Somerfield","Christchurch","Christchurch",2479871.12,5738563.57,"Spreydon-Heathcote Ward"
70124,"South Brighton Playcentre","Playcentre","72 Beatty Street","South New Brighton","Christchurch","Christchurch",2488461.88,5742172.78,"Burwood-Pegasus Ward"
65167,"Spreydon Baptist Community 4 Yr Old ELC","Education & Care Service","31 Cobham Street","Spreydon","Christchurch","Christchurch",2478272.72,5738912.27,"Spreydon-Heathcote Ward"
70451,"Spreydon Baptist Community Early Learning Centre","Education & Care Service","239 Lyttleton Street","Spreydon","Christchurch","Christchurch",2478285.08,5738960.96,"Spreydon-Heathcote Ward"
70453,"Spreydon Hoon Hay Kindergarten","Education & Care Service","2 Sparks Road","Spreydon","Christchurch","Christchurch",2478836.09,5738158.77,"Spreydon-Heathcote Ward"
70371,"Springs Community Early Learning Centre","Education & Care Service","10 a Weaver Place","Sockburn","Christchurch","Christchurch",2474145.63,5741124.2,"Riccarton-Wigram Ward"
70455,"St Albans Edu-Care Centre","Education & Care Service","3 Thames Street","St Albans","Christchurch","Christchurch",2480847.4,5744700.55,"Shirley-Papanui Ward"
70128,"St Albans Playcentre","Playcentre","96 Philpotts Road","St Albans","Christchurch","Christchurch",2480561.72,5746027.93,"Shirley-Papanui Ward"
65068,"St Andrews College Preschool","Education & Care Service","347 Papanui Road","Papanui","Christchurch","Christchurch",2478989.95,5744483.52,"Fendalton-Waimairi Ward"
70009,"Styx Mill Nursery","Education & Care Service","109 Northwood Boulevard","Styx","Christchurch","Christchurch",2478505.31,5750410.68,"Shirley-Papanui Ward"
70011,"Styx Mill Preschool","Education & Care Service","109 Northwood Boulevard","Styx","Christchurch","Christchurch",2478505.31,5750406.3,"Shirley-Papanui Ward"
70463,"Sydenham Community Preschool","Education & Care Service","113 Huxley Street","Sydenham","Christchurch","Christchurch",2481192.69,5739378.9,"Spreydon-Heathcote Ward"
70550,"Tafesilafa'i Preschool","Education & Care Service","122 Barbadoes Street","Christchurch","Christchurch","Christchurch",2481401.04,5740956.12,"Hagley-Ferrymead Ward"
70464,"Te Ao Tamariki","Education & Care Service","Parkstone Avenue","Ilam","Christchurch","Christchurch",2475076.3,5742628.13,"Riccarton-Wigram Ward"
70608,"Te Hohepa Te Kohanga Reo","Te Kohanga Reo","34 Phillips Street","Philipstown","Christchurch","Christchurch",2482113.26,5741030.16,"Hagley-Ferrymead Ward"
70609,"Te Horomako o Te Huruhuru","Te Kohanga Reo","4 Gregory Avenue","Islington-Christchurch","Christchurch","Christchurch",2470857.98,5740780.98,"Riccarton-Wigram Ward"
70617,"Te Kotahitanga Ki Waitaha Kohanga Reo","Te Kohanga Reo","24 Ventnor Crescent","Wainoni","Christchurch","Christchurch",2486592.98,5744056.01,"Burwood-Pegasus Ward"
70099,"Te Puna Oraka - Barnardos","Education & Care Service","69 B Briggs Road","Shirley","Christchurch","Christchurch",2482000.29,5745672.06,"Shirley-Papanui Ward"
65143,"Te Waka Huruhurumanu ki Otautahi Early Learning Centre","Education & Care Service","Coventry Street","Christchurch Central","Christchurch","Christchurch",2481317.92,5740985.42,"Hagley-Ferrymead Ward"
70613,"Te Whanau Tahi Te Kohanga Reo","Te Kohanga Reo","48 Rowley Avenue","Hoon Hay","Christchurch","Christchurch",2476718.24,5738277.04,"Spreydon-Heathcote Ward"
65072,"Templeton Nursery and Preschool","Education & Care Service","31 Kirk Road",,"Templeton","Christchurch",2467286.25,5739488.98,"Riccarton-Wigram Ward"
70472,"The Cathedral Grammar School Pre-School","Education & Care Service","2 Chester Street","Christchurch Central","Christchurch","Christchurch",2480003.66,5742107.38,"Hagley-Ferrymead Ward"
70339,"The Champion Centre Tamariki Toiora","Education & Care Service","Burwood Road","Burwood","Christchurch","Christchurch",2484297.91,5747343.19,"Burwood-Pegasus Ward"
70461,"The Enchanted Garden Early Childhood Centre 2007 Limited","Education & Care Service","255 Greers Road","Papanui","Christchurch","Christchurch",2476486.57,5745185.34,"Fendalton-Waimairi Ward"
70579,"The James Street Junior School","Education & Care Service","5 James Street","Redcliffs","Christchurch","Christchurch",2488703.42,5738441.72,"Hagley-Ferrymead Ward"
70542,"The James Street Pre-School","Education & Care Service","5 James Street","Redcliffs","Christchurch","Christchurch",2488707.72,5738417.54,"Hagley-Ferrymead Ward"
70364,"The Lighthouse Nursery And Preschool","Education & Care Service","6 Balcairn Street","Halswell","Christchurch","Christchurch",2474988.46,5736906.35,"Riccarton-Wigram Ward"
45380,"'The Nurtury' Over 2's","Education & Care Service","2 Carrs Road","Halswell","Christchurch","Christchurch",2473595.35,5738351.71,"Riccarton-Wigram Ward"
45379,"The Nurtury Under 2's","Education & Care Service","2 Carrs Road","Halswell","Christchurch","Christchurch",2473590.3,5738356.76,"Riccarton-Wigram Ward"
70544,"The Playroom","Casual-Education and Care","Riccarton Avenue","Christchurch Central","Christchurch","Christchurch",2479583.36,5741435.23,"Hagley-Ferrymead Ward"
45159,"The Playroom Centre One","Education & Care Service","396 Manchester Street","St Albans","Christchurch","Christchurch",2480905.16,5743064.3,"Shirley-Papanui Ward"
45158,"The Playroom Centre Two","Education & Care Service","396 Manchester Street","Christchurch","Christchurch","Christchurch",2480905.4,5743060.74,"Shirley-Papanui Ward"
70565,"The Rabbit Patch Nursery","Education & Care Service","159 Greers Road","Burnside","Christchurch","Christchurch",2476030.41,5744520.83,"Fendalton-Waimairi Ward"
45445,"The Rabbit Patch Nursery - Saffron Street","Education & Care Service","22 Saffron Street","Burnside","Christchurch","Christchurch",2476745.02,5745419.14,"Fendalton-Waimairi Ward"
70426,"The Rabbit Patch Preschool","Education & Care Service","161 Greers Road","Burnside","Christchurch","Christchurch",2476047.6,5744526.21,"Fendalton-Waimairi Ward"
45446,"The Rabbit Patch Preschool - Saffron Street","Education & Care Service","22 Saffron Street","Burnside","Christchurch","Christchurch",2476743.08,5745415.27,"Fendalton-Waimairi Ward"
65012,"The Rabbit Patch Preschool Airport Centre 1","Education & Care Service","559 Memorial Avenue","Russley","Christchurch","Christchurch",2473269.53,5746189.13,"Fendalton-Waimairi Ward"
65100,"The Rabbit Patch Preschool Airport Centre 2","Education & Care Service","559 Memorial Avenue","Russley","Christchurch","Christchurch",2473269.78,5746184.78,"Fendalton-Waimairi Ward"
65054,"Tiggers Montessori Nursery & Preschool","Education & Care Service","114 BASSETT STREET","Burwood","Christchurch","Christchurch",2485070.85,5746020.7,"Burwood-Pegasus Ward"
65086,"Tino E Tasi Preschool","Education & Care Service","120 Shortland Street","Aranui","Christchurch","Christchurch",2485546.11,5743175.26,"Burwood-Pegasus Ward"
70481,"Tiny Tots Preschool","Education & Care Service","148 England Street","Linwood","Christchurch","Christchurch",2482796.57,5742074,"Hagley-Ferrymead Ward"
65083,"Tongan Kahau Ola Early Childhood Centre","Education & Care Service","465 Greers Road","Bishopdale","Christchurch","Christchurch",2477378.54,5746645.7,"Fendalton-Waimairi Ward"
70495,"Van Asch Deaf Education Early Intervention","Education & Care Service","Truro Street","Sumner","Christchurch","Christchurch",2490587.72,5736428.05,"Hagley-Ferrymead Ward"
70142,"Wainoni Playcentre","Playcentre","884 Avonside Drive","Wainoni","Christchurch","Christchurch",2484585.68,5743306.35,"Burwood-Pegasus Ward"
70035,"Waipuna Early Childhood Centre","Education & Care Service","349 Woodham Road","Linwood","Christchurch","Christchurch",2484466.74,5742452.46,"Burwood-Pegasus Ward"
70152,"Woolston Playcentre","Playcentre","29 Portman Street","Woolston","Christchurch","Christchurch",2484430.29,5740039.3,"Hagley-Ferrymead Ward"
70505,"Woolston Preschool Inc","Education & Care Service","52 Glenroy Street","Woolston","Christchurch","Christchurch",2484418.58,5739856,"Hagley-Ferrymead Ward"
70029,"YMCA Bishopdale Childcare Centre","Education & Care Service","13 A Bishopdale Court","Bishopdale","Christchurch","Christchurch",2476487.24,5746369.27,"Fendalton-Waimairi Ward"
45632,"Edukids Wainoni Preschool","Education & Care Service","260 Wainoni Road","Wainoni","Christchurch","Christchurch",2485708.19,5744310.37,"Burwood-Pegasus Ward"
45635,"Penny Lane Childcare Centre","Education & Care Service","79 Hoon Hay Road","Hoon Hay","Christchurch","Christchurch",2477823.19,5738718.91,"Spreydon-Heathcote Ward"
45639,"Marshlands Nest","Education & Care Service","408 Prestons Road","Marshland","Christchurch","Christchurch",2482959.75,5748085.9,"Burwood-Pegasus Ward"
65014,"ABC Developmental Learning Centres - Rolleston","Education & Care Service","14 Cezanne Grove",,"Rolleston","Selwyn",2460245.16,5734218.77,"Selwyn Central Ward"
65060,"Annabel's Educare","Education & Care Service","16 South Terrace",,"Darfield","Selwyn",2438475.18,5746011.7,"Malvern Ward"
70105,"Annabel's Kindergarten - Darfield","Education & Care Service","14 South Terrace",,"Darfield","Selwyn",2438497.96,5746009.62,"Malvern Ward"
65021,"Annabel's Private Kindergarten","Education & Care Service","12 South Terrace",,"Darfield","Selwyn",2438516.2,5746001.32,"Malvern Ward"
45483,"Bright Beginnings Montessori Brookside","Education & Care Service","183 Brookside Road",,"Rolleston","Selwyn",2458903.67,5733387.86,"Selwyn Central Ward"
45484,"Bright Beginnings Montessori Nursery","Education & Care Service","183 Brookside Road",,"Rolleston","Selwyn",2458912.45,5733381.83,"Selwyn Central Ward"
70167,"Burnham Country Montessori","Education & Care Service","643 Burnham School Road","Burnham Camp","Christchurch","Selwyn",2452949.12,5730264.34,"Selwyn Central Ward"
70331,"Burnham Nursery and Preschool","Education & Care Service","3 Nursery Lane","Burnham Camp","Christchurch","Selwyn",2454588.07,5732571.67,"Selwyn Central Ward"
70355,"Children First Pre School","Education & Care Service","138 High Street",0,"Leeston","Selwyn",2453059.72,5715585.25,"Ellesmere Ward"
70042,"Darfield Playcentre","Playcentre","ROSS STREET",0,"Darfield","Selwyn",2437759.11,5745944.24,"Malvern Ward"
70401,"Darfield Preschool And Nursery","Education & Care Service","Opposite 1971 Telegraph Road",0,"Darfield","Selwyn",2438062.82,5745689.49,"Malvern Ward"
65115,"Dunsandel Childcare and Preschool Ltd","Education & Care Service","5 - 7 Dunsandel Hororata Road",0,"Dunsandel","Selwyn",2444912.09,5727245.66,"Ellesmere Ward"
70048,"Dunsandel Playcentre","Playcentre","Irvines Road",0,"Dunsandel","Selwyn",2442090.64,5724595.36,"Ellesmere Ward"
70074,"Hororata Playcentre","Playcentre","Hororata Road","Community Hall","Hororata","Selwyn",2425797.06,5740444.93,"Malvern Ward"
5465,"Kidsfirst Kindergartens Burnham","Free Kindergarten","16 Ruru Street","Burnham Military Camp","Burnham","Selwyn",2453387.94,5731835.22,"Selwyn Central Ward"
5548,"Kidsfirst Kindergartens Lincoln","Free Kindergarten","Boundary Road",0,"Lincoln","Selwyn",2468713.77,5730019.41,"Springs Ward"
70078,"Leeston Playcentre","Playcentre","4 May Street",0,"Leeston","Selwyn",2453544.97,5716266.43,"Ellesmere Ward"
70389,"Lincoln Childcare & Preschool","Education & Care Service","Ellesmere Junction Road (on University s",0,"Lincoln","Selwyn",2466860.91,5729258.79,"Springs Ward"
70077,"Lincoln Playcentre","Playcentre","158 North Belt",0,"Lincoln","Selwyn",2468314.03,5729882.84,"Springs Ward"
70557,"Lincoln University Early Childhood Centre","Education & Care Service","29 The Crescent","Lincoln","Lincoln","Selwyn",2467362.7,5729188.61,"Springs Ward"
65073,"Magic Milestones Early Learning Centre","Education & Care Service","4 John Street",0,"Rolleston","Selwyn",2459443.22,5734541.42,"Selwyn Central Ward"
70125,"Monkeys & Munchkins Nursery","Education & Care Service","8 School Road",0,"Taitapu","Selwyn",2473784.5,5727153.37,"Springs Ward"
70123,"Monkeys & Munchkins Preschool","Education & Care Service","8 School Road",0,"Taitapu","Selwyn",2473783.1,5727158.52,"Springs Ward"
45128,"Paradise For Little Angels","Education & Care Service","41 Marlowe Place","Rolleston","Rolleston","Selwyn",2460863.61,5735460.33,"Selwyn Central Ward"
65063,"Prebbleton Childcare & Education Centre","Education & Care Service","542 Springs Road",0,"Prebbleton","Selwyn",2470580.08,5736146.36,"Springs Ward"
65177,"Prebbleton Nursery & Education Centre","Education & Care Service","542 Springs Road",0,"Prebbleton","Selwyn",2470579.85,5736142.9,"Springs Ward"
70104,"Prebbleton Playcentre","Playcentre","70 Tosswill Road",0,"Prebbleton","Selwyn",2471044.23,5735539.62,"Springs Ward"
65145,"Rolleston First Learners 1","Education & Care Service","37 Tennyson Street",0,"Rolleston","Selwyn",2460100.14,5734671.74,"Selwyn Central Ward"
70025,"Rolleston First Learners 2","Education & Care Service","37 Tennyson Street",0,"Rolleston","Selwyn",2460103.16,5734681.71,"Selwyn Central Ward"
70112,"Rolleston Playcentre","Playcentre","Rolleston Reserve Moore Street",0,"Rolleston","Selwyn",2459819.07,5734487.88,"Selwyn Central Ward"
45494,"Rollykids Early Learning Centre","Education & Care Service","33 Elizabeth Street",0,"Rolleston","Selwyn",2459033.53,5734482.32,"Selwyn Central Ward"
45493,"Rollykids Early Learning Centre Under 2's","Education & Care Service","33 Elizabeth Street",0,"Rolleston","Selwyn",2459030.75,5734478.74,"Selwyn Central Ward"
45427,"Selwyn Toddlers Kindergarten","Education & Care Service","60 Rolleston Drive",0,"Christchurch","Selwyn",2460403.69,5734627.54,"Selwyn Central Ward"
70122,"Southbridge Playcentre","Playcentre","High Street",0,"Southbridge","Selwyn",2449874.26,5710239.75,"Ellesmere Ward"
70132,"Tai Tapu Playcentre","Playcentre","Old Tai Tapu Road","Community Hall","Taitapu","Selwyn",2474431.29,5727800.56,"Springs Ward"
70159,"The Cats Pyjamas Nursery","Education & Care Service","10 Beaumont Drive",0,"Rolleston","Selwyn",2461105.11,5734468.75,"Selwyn Central Ward"
70158,"The Cats Pyjamas Preschool","Education & Care Service","10 Beaumont Drive",0,"Rolleston","Selwyn",2461111.41,5734455,"Selwyn Central Ward"
70001,"Treasure Trove Kindergarten","Education & Care Service","20 Leeston/Lake Road",0,"Leeston","Selwyn",2453545.59,5715493.61,"Ellesmere Ward"
65099,"West Melton Kindergarten and Nursery","Education & Care Service",". Weedons Ross Road R D 6",0,"West Melton","Selwyn",2459035.98,5742549.94,"Selwyn Central Ward"
70043,"West Melton Learning Centre","Education & Care Service",". Weedons Ross Road, R D 6",0,"West Melton","Selwyn",2459040.23,5742576.67,"Selwyn Central Ward"
70148,"West Melton Playcentre","Playcentre","Main West Coast Road",0,"West Melton","Selwyn",2459028.04,5742453.28,"Selwyn Central Ward"
45616,"Prebbleton Kindergarten","Education & Care Service","504 Springs Road",0,"Christchurch","Selwyn",2470798.19,5736487.96,"Springs Ward"
45646,"Burnham Montessori",,"#N/A","#N/A","Burnham","Selwyn","#N/A","#N/A","#N/A"
70053,"ABC Developmental Learning Centre - Kaiapoi Rua","Education & Care Service","Cnr Williams Street & Courtenay Drive",0,"Kaiapoi","Waimakariri",2481958.69,5757344.72,"Kaiapoi Ward"
70065,"ABC Developmental Learning Centre - Kaiapoi Tahi","Education & Care Service","Cnr Williams Street & Courtenay Drive",0,"Kaiapoi","Waimakariri",2481956.38,5757349.47,"Kaiapoi Ward"
70055,"ABC Developmental Learning Centre - Kaiapoi Toru","Education & Care Service","Cnr Williams Street & Courtenay Drive",0,"Kaiapoi","Waimakariri",2481956.88,5757340.38,"Kaiapoi Ward"
70109,"ABC Developmental Learning Centre - Rangiora Rua","Education & Care Service","62-64 Percival Street",0,"Rangiora","Waimakariri",2477289.69,5766019.3,"Rangiora Ward"
70111,"ABC Developmental Learning Centre - Rangiora Tahi","Education & Care Service","62-64 Percival Street",0,"Rangiora","Waimakariri",2477294.07,5766020.18,"Rangiora Ward"
65019,"ABC Rangiora North","Education & Care Service","14 b Wales Street",0,"Rangiora","Waimakariri",2477319.6,5767809.76,"Rangiora Ward"
70020,"Ashley Playcentre","Playcentre","43 Canterbury Street",0,"Ashley","Waimakariri",2477654.68,5770254.3,"Woodend-Ashley Ward"
45303,"Bright Horizons Preschool","Education & Care Service","1 A Campbell Lane",0,"Oxford","Waimakariri",2445413.39,5767413.45,"Oxford-Eyre Ward"
70036,"Clarkville Playcentre","Playcentre","Heywards Road",0,"Clarkville","Waimakariri",2479555.8,5755554.11,"Kaiapoi Ward"
70040,"Cust-West Eyreton Playcentre","Playcentre","Near 11 Mill Road",0,"Cust","Waimakariri",2459154.43,5766124.22,"Oxford-Eyre Ward"
70166,"Fernside Preschool Limited","Education & Care Service","207 ORourkes Road",0,"Fernside-Christchurch","Waimakariri",2472347.49,5765020.71,"Oxford-Eyre Ward"
45079,"HoNey BeeZ Preschool & Nursery","Education & Care Service","208 Williams Street","Kaiapoi","Kaiapoi","Waimakariri",2482562.97,5758476.77,"Kaiapoi Ward"
70379,"Kaiapoi Preschool","Education & Care Service","8 Tunas Street",0,"Kaiapoi","Waimakariri",2481615.29,5759134.47,"Kaiapoi Ward"
65058,"Karanga Mai Early Learning Centre","Education & Care Service","Robert Cooper Drive",0,"Kaiapoi","Waimakariri",2481148.3,5757524.59,"Kaiapoi Ward"
5413,"Kidsfirst Kindergartens Bush Street","Free Kindergarten","27 Bush Street",0,"Rangiora","Waimakariri",2476802.19,5765581.23,"Rangiora Ward"
5416,"Kidsfirst Kindergartens Charles Street","Free Kindergarten","Smith Street",0,"Kaiapoi","Waimakariri",2482381.07,5758769.7,"Kaiapoi Ward"
5430,"Kidsfirst Kindergartens King Street","Free Kindergarten","203 King Street",0,"Rangiora","Waimakariri",2476756.02,5767099.75,"Rangiora Ward"
5461,"Kidsfirst Kindergartens Vickery Street","Free Kindergarten","22 Vickery Street",0,"Kaiapoi","Waimakariri",2481718.49,5757563.99,"Kaiapoi Ward"
65015,"Leaps and Bounds Preschool","Education & Care Service","85 Johns Road",0,"Rangiora","Waimakariri",2476443.75,5766035.41,"Rangiora Ward"
45356,"Little Ones Preschool","Education & Care Service","57 Hodgsons Road",0,"Loburn","Waimakariri",2471936.44,5772918.47,"Woodend-Ashley Ward"
70422,"Oxford Early Learning Centre","Education & Care Service","166 High Street",0,"Oxford","Waimakariri",2444897.46,5767952.88,"Oxford-Eyre Ward"
45150,"Oxford Early Learning Centre 2","Education & Care Service","166 High Street","Oxford","North Canterbury","Waimakariri",2444896.59,5767956.68,"Oxford-Eyre Ward"
70094,"Oxford Playcentre","Playcentre","Main Road",0,"Oxford","Waimakariri",2444101.66,5767338.31,"Oxford-Eyre Ward"
65078,"Peppertree Preschool Ltd","Education & Care Service","133 Kippenberger Avenue",0,"Rangiora","Waimakariri",2477684.13,5767105.48,"Rangiora Ward"
65175,"Portobelo Kaiapoi","Education & Care Service","41 Wesley Street",0,"Kaiapoi","Waimakariri",2481367.54,5758388.11,"Kaiapoi Ward"
45304,"Portobelo Otaki Street","Education & Care Service","107 Otaki Street",0,"Kaiapoi","Waimakariri",2481442.64,5758361.06,"Kaiapoi Ward"
70435,"Rangiora First Learners Preschool","Education & Care Service","48 Church Street",0,"Rangiora","Waimakariri",2476742.49,5766612.35,"Rangiora Ward"
70437,"Rangiora High School Nursery School","Education & Care Service",". Wales Street",0,"Rangiora","Waimakariri",2477349.57,5767762.85,"Rangiora Ward"
70108,"Rangiora Playcentre","Playcentre","35 White Street",0,"Rangiora","Waimakariri",2476483.91,5766418.59,"Rangiora Ward"
70607,"Rangiora Te Kohanga Reo","Te Kohanga Reo","51 Ivory Street",0,"Rangiora","Waimakariri",2477348.39,5766647.49,"Rangiora Ward"
70573,"Serenity Preschool","Education & Care Service","74 EAST BELT",0,"Rangiora","Waimakariri",2477622.1,5767033.93,"Rangiora Ward"
70051,"Southbrook Early Learning Centre","Education & Care Service","89 Southbrook Road",0,"Rangiora","Waimakariri",2477305.15,5765367.14,"Rangiora Ward"
70049,"Southbrook Early Learning Centre Nursery","Education & Care Service","89 Southbrook Road",0,"Rangiora","Waimakariri",2477309.8,5765366.29,"Rangiora Ward"
70466,"Swannanoa Preschool Inc","Education & Care Service","1303 Tram Road R D 6",0,"Rangiora","Waimakariri",2469302.18,5759593.9,"Oxford-Eyre Ward"
70471,"The Ark - Kaiapoi Community Childcare","Education & Care Service","67 Fuller Street",0,"Kaiapoi","Waimakariri",2482065.92,5757994.05,"Kaiapoi Ward"
65085,"The Rainbow Preschool and Nursery","Education & Care Service","6 Cosgrove Road",0,"Kaiapoi","Waimakariri",2480699.51,5758070.11,"Kaiapoi Ward"
70478,"Tuahiwi Community Preschool","Education & Care Service","204 Tuahiwi Road R D 1",0,"Kaiapoi","Waimakariri",2481085.33,5763614.65,"Woodend-Ashley Ward"
70150,"Woodend Playcentre","Playcentre",". School Road",0,"Woodend","Waimakariri",2482765.43,5764711.95,"Woodend-Ashley Ward"
65030,"Woodend Preschool and Nursery","Education & Care Service","30 Main North Road",0,"Woodend","Waimakariri",2482931.6,5764622.42,"Woodend-Ashley Ward"
70061,"4 Kids Childcare","Homebased Network","38 Pacific Road","New Brighton Central","Christchurch",,2487525.5,5746405.09,"Burwood-Pegasus Ward"
45231,"4 Kids Childcare Limited","Homebased Network","15/211 Ferry Road","Phillipstown","Christchurch",,2482179.2,5740848.82,"Hagley-Ferrymead Ward"
45374,"At Home Child care","Homebased Network","7 Carinya Lane","Heathcote Valley","Christchurch",,2485626.17,5737183.46,"Hagley-Ferrymead Ward"
45114,"Au Pair Link ( Christchurch)","Homebased Network","20 Garfield Street","Parnell","Auckland",,2669249.73,6481748.6,"?"
45338,"Educarents","Homebased Network","1 Allingham Lane",0,"Christchurch",,2460751.32,5734602.75,"Selwyn Central Ward"
70135,"Florence Nightingale Childcare","Homebased Network","140 Yaldhurst Road","Upper Riccarton","Christchurch",,2474419.41,5742079.69,"Riccarton-Wigram Ward"
65192,"Home Based Care for Little Stars Limited","Homebased Network","55 Strickland Street","Somerfield","Christchurch",,2480358.74,5739181.24,"Spreydon-Heathcote Ward"
65055,"Kiddz Homebased Early Childhood Education Service","Homebased Network","12 Orewa Close","Burwood","Christchurch",,2484519.14,5748179.1,"Burwood-Pegasus Ward"
65071,"Kiddz Homebased Early Childhood Education Service","Homebased Network","12 Orewa Close","Burwood","Christchurch",,2484519.85,5748177.26,"Burwood-Pegasus Ward"
70511,"KidStart Christchurch One","Homebased Network","906 Colombo Street",0,"Christchurch",,2480658.3,5742817.29,"Hagley-Ferrymead Ward"
70515,"KidStart Christchurch Two","Homebased Network","906 Colombo Street",0,"Christchurch",,2480658.49,5742814.53,"Hagley-Ferrymead Ward"
70520,"Kidstart North Canterbury","Homebased Network","176 a Williams Street",0,"Kaiapoi",,2482229.93,5758193.25,"Kaiapoi Ward"
45323,"Kidz Paradise","Homebased Network","29 Malabar Crescent","Broomfield","Christchurch",,2471984.39,5741922.41,"Riccarton-Wigram Ward"
70045,"Little Stars (2nd Network)","Homebased Network","55 Strickland Street","Somerfield","Christchurch",,2480356.75,5739185.02,"Spreydon-Heathcote Ward"
30187,"PORSE Christchurch Q2","Homebased Network","272-274 Lincoln Road","Addington","Christchurch",,2478534.5,5740248.38,"Spreydon-Heathcote Ward"
65010,"PORSE Christchurch Q3","Homebased Network","272-274 Lincoln Road","Addington","Christchurch",,2478534.77,5740247.84,"Spreydon-Heathcote Ward"
30189,"PORSE Christchurch S1","Homebased Network","272-274 Lincoln Road","Addington","Christchurch",,2478535.99,5740246.05,"Spreydon-Heathcote Ward"
65032,"PORSE Christchurch S2","Homebased Network","272-274 Lincoln Road","Addington","Christchurch",,2478535.01,5740247.31,"Spreydon-Heathcote Ward"
70103,"Selwyn Toddlers Network","Homebased Network","942 Ellesmere Junction Road",0,"Christchurch",,2457888.18,5729777.34,"Selwyn Central Ward"
70129,"The Nanny Company - Southern One","Homebased Network","506 Wairakei Road","Papanui","Christchurch",,2475175.31,5746353.7,"Fendalton-Waimairi Ward"
70131,"The Nanny Company - Southern Two","Homebased Network","506 Wairakei Road","Papanui","Christchurch",,2475179.57,5746351.93,"Fendalton-Waimairi Ward"
65169,"The Nanny Company Limited","Homebased Network","Unit3/41 Sir William Pickering Drive","Ilam","Christchurch",,2474383.17,5745474.2,"Fendalton-Waimairi Ward"
70013,"The Nanny Company Limited - North","Homebased Network","506 Wairakei Road","Burnside","Christchurch",,2475172.77,5746344.88,"Fendalton-Waimairi Ward"
70101,"The Nanny Company Ltd - East","Homebased Network","506 Wairakei Road","Papanui","Christchurch",,2475173.71,5746349.37,"Fendalton-Waimairi Ward"
65181,"The Nanny Company South Limited","Homebased Network","Unit3/41 Sir William Pickering Drive","ILAM","Christchurch",,2474383.17,5745469.56,"Fendalton-Waimairi Ward"
30137,"Footsteps Education Ltd","Homebased Network","6 Cherry Way","Bethlehem","Christchurch",,2784453.15,6385040.72,"Otumoetai-Bethlehem Ward"
30138,"Footsteps Education Ltd","Homebased Network","6 Cherry Way","Bethlehem","Christchurch",,2784453.71,6385035.71,"Otumoetai-Bethlehem Ward"
30139,"Footsteps Education Ltd","Homebased Network","6 Cherry Way","Bethlehem","Christchurch",,2784453.98,6385030.98,"Otumoetai-Bethlehem Ward"
